label,axis-0,axis-1
0,76.0,451.0
1,85.0,454.0
2,885.0,679.5
3,887.0,670.5
4,1091.0,1538.0
5,1099.3333333333333,1540.3333333333333
